http://theta1.com,180.106.228.193,8700
http://chi2.com,70.80.189.3,8794
http://epsilon3.com,130.66.185.53,8885
http://chi4.com,127.158.242.114,8620
http://phi5.com,201.206.247.251,8247
http://chi6.com,3.229.20.197,8750
http://eta7.com,131.167.207.191,8636
http://epsilon8.com,99.151.29.168,8934
http://upsilon9.com,127.112.67.100,8929
http://psi10.com,169.116.96.150,8280
http://phi11.com,0.34.91.85,8143
http://eta12.com,80.54.27.160,8213
http://pi13.com,200.39.250.210,8728
http://sandbox14.com,151.81.185.146,8709
http://chi15.com,66.164.237.76,8495
http://tau16.com,236.203.232.93,8098
http://zeta17.com,57.252.124.52,8686
http://fake18.com,97.122.166.78,8003
http://fake19.com,140.5.16.57,8904
http://dummy20.com,122.60.210.198,8188
http://psi21.com,141.248.145.4,8845
http://dummy22.com,158.12.24.86,8392
http://example23.com,204.51.93.35,8762
http://omega24.com,5.20.172.171,8625
http://lambda25.com,147.91.53.5,8251
http://delta26.com,1.204.244.137,8789
http://fake27.com,74.94.188.8,8199
http://tau28.com,48.80.21.235,8637
http://phi29.com,28.112.246.252,8850
http://beta30.com,154.115.91.63,8886
http://test31.com,204.54.58.85,8466
http://delta32.com,77.108.157.86,8919
http://example33.com,186.117.139.62,8279
http://test34.com,58.131.190.139,8532
http://zeta35.com,87.151.191.216,8601
http://tau36.com,111.100.146.220,8330
http://pi37.com,49.161.222.50,8520
http://sandbox38.com,143.66.163.123,8501
http://lambda39.com,198.11.220.81,8890
http://theta40.com,206.180.53.253,8012
http://sigma41.com,175.244.60.125,8664
http://mock42.com,4.82.127.123,8168
http://upsilon43.com,59.163.212.243,8299
http://upsilon44.com,113.143.9.101,8735
http://alpha45.com,31.6.101.11,8356
http://zeta46.com,174.243.16.61,8963
http://mock47.com,215.125.195.82,8251
http://upsilon48.com,88.46.179.239,8872
http://mu49.com,67.201.192.118,8667
http://lambda50.com,253.169.192.29,8521
http://fake51.com,44.153.255.220,8931
http://nu52.com,94.84.80.110,8557
http://trial53.com,223.191.175.195,8683
http://gamma54.com,234.55.190.145,8372
http://pi55.com,243.49.159.101,8192
http://zeta56.com,175.28.203.172,8525
http://chi57.com,159.132.62.147,8660
http://rho58.com,171.67.157.40,8097
http://mu59.com,160.154.2.44,8360
http://zeta60.com,108.42.115.119,8084
http://theta61.com,241.247.87.87,8204
http://chi62.com,228.194.114.227,8747
http://lambda63.com,156.20.156.229,8256
http://phi64.com,25.199.221.67,8819
http://zeta65.com,28.11.235.214,8377
http://pi66.com,208.219.52.89,8528
http://sandbox67.com,238.248.241.54,8122
http://eta68.com,194.176.148.242,8534
http://upsilon69.com,203.22.171.119,8571
http://delta70.com,200.206.146.129,8180
http://rho71.com,40.37.14.78,8874
http://tau72.com,255.230.72.61,8251
http://upsilon73.com,235.238.135.42,8664
http://delta74.com,138.20.101.236,8115
http://omega75.com,59.139.28.107,8015
http://epsilon76.com,123.55.152.142,8352
http://eta77.com,186.11.231.221,8798
http://omicron78.com,211.239.220.86,8636
http://xi79.com,33.157.7.187,8761
http://sandbox80.com,33.132.88.160,8461
http://zeta81.com,33.161.25.56,8738
http://mock82.com,10.248.220.126,8669
http://mock83.com,13.4.11.63,8813
http://omicron84.com,244.216.151.62,8389
http://sigma85.com,90.118.197.211,8188
http://eta86.com,83.47.126.35,8680
http://beta87.com,38.10.242.235,8211
http://xi88.com,27.161.249.142,8756
http://psi89.com,84.26.251.90,8783
http://sigma90.com,87.33.202.37,8656
http://phi91.com,240.159.193.197,8179
http://dummy92.com,172.112.226.74,8328
http://tau93.com,246.226.235.4,8270
http://tau94.com,52.198.228.48,8453
http://xi95.com,191.233.134.53,8712
http://omicron96.com,87.224.131.179,8969
http://example97.com,232.172.131.127,8849
http://xi98.com,3.200.54.77,8469
http://mu99.com,107.71.202.116,8797
http://zeta100.com,56.147.151.78,8956
http://mu101.com,32.201.219.192,8748
http://fake102.com,148.230.87.169,8156
http://mock103.com,25.224.137.93,8455
http://zeta104.com,146.143.255.193,8431
http://alpha105.com,67.18.118.147,8867
http://theta106.com,125.164.234.165,8118
http://tau107.com,90.65.77.227,8851
http://delta108.com,243.179.90.72,8444
http://lambda109.com,40.87.90.225,8677
http://phi110.com,174.2.56.251,8538
http://phi111.com,222.153.2.12,8312
http://sigma112.com,145.167.154.23,8179
http://omega113.com,152.171.180.166,8643
http://tau114.com,94.105.46.184,8804
http://trial115.com,131.72.154.202,8057
http://delta116.com,181.122.23.73,8945
http://sigma117.com,249.170.121.24,8135
http://tau118.com,58.152.180.13,8010
http://phi119.com,63.99.112.227,8991
http://fake120.com,161.178.210.165,8878
http://beta121.com,33.20.14.223,8726
http://test122.com,247.124.110.225,8409
http://dummy123.com,144.230.244.223,8542
http://epsilon124.com,36.24.72.208,8978
http://pi125.com,97.126.210.103,8868
http://upsilon126.com,39.50.190.133,8385
http://theta127.com,171.201.186.204,8620
http://mu128.com,138.39.5.127,8777
http://alpha129.com,240.198.207.188,8479
http://eta130.com,152.243.80.55,8858
http://theta131.com,113.189.200.30,8766
http://tau132.com,132.229.134.48,8626
http://mu133.com,200.189.205.155,8670
http://omicron134.com,70.185.59.63,8729
http://upsilon135.com,120.34.238.123,8046
http://psi136.com,71.57.132.107,8381
http://test137.com,54.119.22.242,8636
http://nu138.com,23.200.110.66,8933
http://delta139.com,118.215.38.22,8047
http://delta140.com,249.170.233.62,8204
http://chi141.com,157.227.99.61,8936
http://beta142.com,191.188.123.143,8358
http://omicron143.com,8.171.161.30,8092
http://mu144.com,232.86.177.23,8495
http://rho145.com,6.129.51.41,8320
http://phi146.com,55.120.180.221,8020
http://chi147.com,170.105.115.104,8247
http://nu148.com,32.252.58.1,8031
http://delta149.com,184.56.225.90,8589
http://mock150.com,191.119.133.135,8122
http://nu151.com,18.10.105.179,8920
http://zeta152.com,117.132.15.35,8805
http://upsilon153.com,27.191.2.55,8055
http://delta154.com,232.46.253.249,8546
http://trial155.com,109.130.110.230,8129
http://alpha156.com,70.87.191.80,8431
http://phi157.com,216.64.135.231,8491
http://phi158.com,92.110.63.28,8129
http://sigma159.com,58.112.47.104,8810
http://nu160.com,153.16.38.66,8446
http://upsilon161.com,132.164.226.255,8242
http://example162.com,110.145.247.235,8488
http://theta163.com,41.175.119.163,8037
http://theta164.com,209.82.191.164,8467
http://theta165.com,108.45.232.219,8473
http://epsilon166.com,91.49.132.165,8970
http://test167.com,82.151.111.187,8057
http://beta168.com,40.69.25.169,8726
http://epsilon169.com,145.70.246.83,8113
http://theta170.com,22.85.106.60,8828
http://phi171.com,201.132.79.113,8000
http://eta172.com,150.87.208.119,8512
http://trial173.com,148.114.213.35,8250
http://chi174.com,249.168.111.11,8181
http://beta175.com,103.171.55.42,8082
http://example176.com,244.251.185.213,8401
http://omega177.com,42.224.19.127,8124
http://sandbox178.com,54.101.107.242,8801
http://upsilon179.com,170.31.219.238,8531
http://test180.com,134.126.139.128,8728
http://dummy181.com,70.148.225.237,8159
http://fake182.com,51.142.200.158,8878
http://phi183.com,160.61.85.113,8788
http://fake184.com,166.221.20.201,8286
http://rho185.com,185.23.180.217,8448
http://beta186.com,224.0.238.95,8480
http://psi187.com,8.6.54.83,8427
http://test188.com,73.182.65.49,8153
http://omega189.com,99.71.247.152,8540
http://omega190.com,227.86.5.10,8390
http://delta191.com,53.88.35.101,8591
http://mock192.com,199.46.241.154,8615
http://sigma193.com,131.118.151.7,8493
http://sigma194.com,178.76.250.133,8759
http://lambda195.com,34.188.55.87,8788
http://sigma196.com,135.231.247.223,8050
http://delta197.com,27.82.213.171,8680
http://lambda198.com,9.214.131.56,8866
http://mock199.com,244.174.222.43,8001
http://tau200.com,128.55.105.136,8459
http://zeta201.com,109.226.35.57,8025
http://alpha202.com,143.78.175.130,8913
http://omicron203.com,142.177.30.165,8945
http://zeta204.com,225.236.31.91,8119
http://theta205.com,87.76.204.201,8437
http://omicron206.com,28.31.120.40,8499
http://chi207.com,237.46.45.95,8462
http://nu208.com,181.139.163.151,8201
http://xi209.com,20.39.148.9,8979
http://sigma210.com,2.67.201.203,8460
http://xi211.com,56.71.235.199,8329
http://gamma212.com,208.59.42.243,8398
http://trial213.com,138.157.180.163,8615
http://dummy214.com,149.142.219.223,8508
http://nu215.com,96.227.99.95,8459
http://eta216.com,30.98.218.104,8034
http://test217.com,4.57.42.89,8197
http://chi218.com,22.113.85.233,8352
http://theta219.com,86.79.119.212,8028
http://upsilon220.com,74.247.20.37,8903
http://upsilon221.com,133.56.156.213,8665
http://epsilon222.com,244.205.182.163,8441
http://dummy223.com,10.110.174.12,8490
http://theta224.com,222.100.255.35,8051
http://gamma225.com,67.254.42.178,8047
http://lambda226.com,56.218.231.187,8391
http://xi227.com,212.248.71.207,8092
http://alpha228.com,47.188.170.72,8448
http://chi229.com,147.96.21.94,8339
http://sandbox230.com,74.246.213.165,8454
http://chi231.com,45.160.159.41,8215
http://mu232.com,112.98.249.211,8768
http://omega233.com,12.164.115.182,8918
http://sigma234.com,115.151.232.240,8839
http://omega235.com,239.1.209.57,8122
http://beta236.com,152.170.195.5,8648
http://rho237.com,28.76.214.14,8997
http://theta238.com,95.226.36.96,8682
http://sigma239.com,195.26.36.48,8333
http://phi240.com,70.24.120.182,8999
http://sigma241.com,204.166.108.54,8128
http://fake242.com,168.167.87.25,8378
http://mock243.com,108.109.151.189,8582
http://eta244.com,162.172.165.93,8897
http://nu245.com,3.188.182.3,8053
http://omicron246.com,44.211.190.239,8662
http://trial247.com,215.244.56.89,8942
http://test248.com,125.228.227.64,8507
http://pi249.com,15.238.25.229,8663
http://pi250.com,88.157.196.180,8190
http://mu251.com,55.6.89.92,8586
http://zeta252.com,143.236.135.243,8259
http://xi253.com,208.107.226.71,8032
http://xi254.com,63.124.199.227,8288
http://delta255.com,127.202.21.13,8316
http://pi256.com,18.141.125.138,8111
http://alpha257.com,196.21.20.157,8056
http://zeta258.com,138.42.247.79,8490
http://alpha259.com,103.89.131.169,8363
http://alpha260.com,163.37.89.7,8707
http://beta261.com,149.228.60.56,8291
http://zeta262.com,214.236.76.176,8231
http://pi263.com,241.106.161.92,8128
http://xi264.com,97.130.234.203,8058
http://upsilon265.com,250.195.16.252,8509
http://psi266.com,210.138.10.184,8846
http://eta267.com,117.72.170.139,8777
http://fake268.com,189.242.130.158,8355
http://zeta269.com,51.183.141.248,8283
http://test270.com,52.199.86.194,8351
http://example271.com,19.175.109.1,8436
http://beta272.com,95.201.125.140,8219
http://test273.com,198.35.215.134,8779
http://omicron274.com,59.188.98.56,8101
http://alpha275.com,114.143.208.204,8566
http://mu276.com,214.149.5.204,8330
http://phi277.com,217.92.33.115,8826
http://epsilon278.com,111.169.52.62,8987
http://delta279.com,22.200.213.1,8011
http://psi280.com,164.210.82.26,8342
http://tau281.com,18.0.6.148,8217
http://phi282.com,122.55.204.239,8059
http://lambda283.com,205.254.102.226,8062
http://chi284.com,234.16.136.17,8106
http://delta285.com,121.146.222.97,8349
http://lambda286.com,174.60.180.120,8712
http://rho287.com,2.92.63.3,8231
http://example288.com,210.127.190.29,8317
http://sigma289.com,212.4.223.23,8561
http://rho290.com,87.196.203.94,8779
http://fake291.com,76.212.18.228,8450
http://dummy292.com,224.244.104.172,8937
http://alpha293.com,178.240.67.101,8842
http://mock294.com,219.139.140.227,8300
http://eta295.com,140.81.119.8,8805
http://xi296.com,185.95.181.43,8707
http://lambda297.com,247.181.214.48,8223
http://dummy298.com,166.185.251.208,8981
http://xi299.com,135.182.37.97,8582
http://test300.com,50.82.143.240,8991
http://psi301.com,70.13.143.139,8081
http://example302.com,254.195.236.61,8047
http://beta303.com,83.100.237.197,8075
http://theta304.com,244.32.193.181,8007
http://example305.com,44.143.11.139,8573
http://mu306.com,193.112.239.83,8874
http://chi307.com,126.165.19.30,8624
http://lambda308.com,105.93.155.91,8983
http://test309.com,152.135.98.98,8714
http://mock310.com,74.51.255.80,8294
http://rho311.com,138.213.220.24,8891
http://sandbox312.com,60.249.177.42,8792
http://pi313.com,31.195.99.199,8122
http://alpha314.com,149.83.186.54,8562
http://test315.com,5.254.38.248,8654
http://upsilon316.com,23.158.74.160,8812
http://phi317.com,172.178.215.233,8133
http://example318.com,54.252.192.36,8646
http://alpha319.com,31.211.70.34,8392
http://chi320.com,168.243.184.185,8326
http://lambda321.com,246.239.14.81,8480
http://theta322.com,176.11.76.204,8288
http://gamma323.com,114.6.43.28,8667
http://sigma324.com,72.198.165.77,8151
http://test325.com,105.90.23.66,8787
http://omega326.com,112.147.4.210,8899
http://theta327.com,60.172.196.13,8999
http://omicron328.com,22.3.51.255,8197
http://epsilon329.com,1.63.166.147,8263
http://xi330.com,196.140.9.83,8328
http://omicron331.com,174.77.118.192,8767
http://delta332.com,63.251.97.215,8002
http://fake333.com,92.143.20.161,8340
http://gamma334.com,243.65.60.106,8177
http://omega335.com,215.219.70.70,8080
http://beta336.com,180.67.190.117,8660
http://xi337.com,216.121.29.76,8047
http://mu338.com,198.132.66.250,8245
http://rho339.com,252.106.194.92,8513
http://delta340.com,29.28.155.131,8238
http://test341.com,223.116.130.112,8816
http://theta342.com,63.125.15.133,8177
http://nu343.com,253.125.129.89,8381
http://sandbox344.com,66.51.54.202,8417
http://chi345.com,16.156.208.26,8821
http://tau346.com,72.170.104.178,8510
http://omicron347.com,73.236.49.65,8467
http://sandbox348.com,117.165.33.222,8604
http://gamma349.com,142.39.46.1,8926
http://mock350.com,218.15.198.149,8543
http://gamma351.com,48.36.144.118,8415
http://lambda352.com,239.117.148.226,8424
http://beta353.com,205.188.58.192,8603
http://psi354.com,107.26.41.153,8885
http://epsilon355.com,11.116.22.34,8702
http://fake356.com,188.201.110.24,8887
http://psi357.com,13.22.143.11,8871
http://epsilon358.com,63.92.64.210,8225
http://alpha359.com,36.222.43.40,8302
http://nu360.com,94.43.89.21,8725
http://psi361.com,49.110.74.149,8179
http://nu362.com,65.25.28.55,8834
http://example363.com,164.237.246.100,8833
http://theta364.com,250.245.143.173,8773
http://tau365.com,89.152.193.197,8174
http://lambda366.com,78.53.23.196,8999
http://alpha367.com,211.36.56.88,8668
http://beta368.com,229.90.212.90,8779
http://sandbox369.com,235.38.179.219,8927
http://chi370.com,60.135.175.65,8311
http://delta371.com,97.254.55.29,8260
http://zeta372.com,106.243.216.228,8028
http://psi373.com,31.96.34.74,8645
http://zeta374.com,202.94.163.172,8830
http://upsilon375.com,90.131.8.1,8231
http://mu376.com,69.245.73.108,8602
http://mu377.com,82.9.243.17,8672
http://example378.com,94.235.80.46,8796
http://eta379.com,206.21.32.179,8565
http://pi380.com,97.166.84.186,8690
http://upsilon381.com,80.83.14.158,8525
http://upsilon382.com,219.248.175.163,8636
http://dummy383.com,195.28.94.81,8102
http://nu384.com,232.176.50.150,8175
http://rho385.com,157.3.35.35,8030
http://trial386.com,204.243.168.235,8759
http://mu387.com,199.91.75.118,8287
http://xi388.com,70.33.127.115,8011
http://eta389.com,119.236.211.46,8624
http://delta390.com,126.23.246.207,8315
http://omicron391.com,200.221.75.141,8824
http://nu392.com,243.129.145.253,8002
http://lambda393.com,31.11.197.62,8833
http://psi394.com,211.63.246.77,8395
http://omicron395.com,49.232.98.91,8638
http://zeta396.com,248.98.112.160,8173
http://xi397.com,184.201.34.151,8899
http://example398.com,60.51.48.247,8910
http://rho399.com,76.65.191.18,8155
http://nu400.com,199.173.156.95,8394
http://delta401.com,235.205.138.40,8467
http://mock402.com,235.198.121.192,8331
http://mu403.com,241.153.168.80,8550
http://sandbox404.com,30.246.17.101,8801
http://pi405.com,153.205.107.41,8393
http://psi406.com,219.188.23.56,8828
http://mock407.com,61.189.175.204,8446
http://sandbox408.com,96.150.134.0,8901
http://example409.com,178.58.198.193,8172
http://delta410.com,199.225.195.45,8213
http://mu411.com,6.6.190.164,8487
http://xi412.com,140.137.79.158,8202
http://sandbox413.com,180.130.28.113,8824
http://fake414.com,192.19.112.166,8304
http://sandbox415.com,50.80.192.62,8838
http://phi416.com,182.254.255.104,8509
http://phi417.com,189.3.35.66,8554
http://delta418.com,19.43.213.112,8973
http://omega419.com,29.205.207.204,8399
http://psi420.com,212.240.115.82,8949
http://phi421.com,83.191.168.31,8786
http://sandbox422.com,211.183.166.91,8922
http://pi423.com,201.72.160.167,8727
http://eta424.com,89.151.175.205,8847
http://fake425.com,99.178.162.207,8180
http://chi426.com,148.240.61.210,8324
http://zeta427.com,103.92.163.164,8079
http://upsilon428.com,17.70.63.70,8480
http://beta429.com,142.99.11.154,8722
http://gamma430.com,43.228.207.237,8439
http://eta431.com,29.70.139.83,8785
http://omicron432.com,126.62.205.30,8142
http://mock433.com,54.244.89.162,8085
http://epsilon434.com,236.88.170.48,8573
http://lambda435.com,210.44.247.25,8488
http://phi436.com,70.126.87.75,8839
http://nu437.com,143.225.153.34,8293
http://theta438.com,65.221.113.233,8846
http://sandbox439.com,137.152.167.17,8165
http://nu440.com,85.13.28.58,8150
http://omega441.com,56.249.117.111,8390
http://lambda442.com,230.253.198.40,8037
http://mu443.com,196.131.84.29,8335
http://xi444.com,119.124.57.181,8675
http://epsilon445.com,107.106.229.134,8144
http://pi446.com,81.204.157.55,8934
http://delta447.com,50.140.131.97,8939
http://omega448.com,88.246.81.136,8647
http://sigma449.com,151.95.119.205,8323
http://theta450.com,41.27.78.198,8463
http://xi451.com,14.175.156.70,8771
http://sandbox452.com,54.23.109.89,8430
http://mock453.com,227.66.215.20,8335
http://epsilon454.com,101.126.212.108,8424
http://lambda455.com,234.58.64.91,8622
http://eta456.com,12.115.5.0,8126
http://phi457.com,231.33.33.127,8695
http://phi458.com,132.91.52.25,8476
http://pi459.com,134.52.80.66,8679
http://rho460.com,204.30.156.10,8767
http://lambda461.com,5.168.240.128,8845
http://psi462.com,206.63.40.137,8795
http://trial463.com,61.2.117.97,8519
http://example464.com,134.209.198.211,8155
http://beta465.com,232.243.166.248,8260
http://epsilon466.com,7.30.78.8,8248
http://test467.com,129.44.235.114,8963
http://pi468.com,88.0.216.231,8208
http://beta469.com,159.47.157.180,8440
http://theta470.com,238.80.95.16,8173
http://nu471.com,245.150.232.85,8481
http://eta472.com,73.124.80.112,8392
http://beta473.com,12.73.243.208,8101
http://psi474.com,19.56.4.146,8996
http://xi475.com,209.24.237.53,8303
http://trial476.com,198.231.104.253,8709
http://tau477.com,7.250.112.180,8809
http://epsilon478.com,171.131.168.53,8837
http://mock479.com,224.231.171.174,8125
http://dummy480.com,152.252.151.23,8285
http://sandbox481.com,28.151.30.93,8282
http://eta482.com,16.193.76.213,8675
http://upsilon483.com,36.197.64.75,8200
http://upsilon484.com,153.230.138.51,8493
http://delta485.com,229.66.140.159,8042
http://test486.com,108.13.113.150,8826
http://chi487.com,39.17.103.69,8279
http://example488.com,136.245.171.122,8485
http://dummy489.com,22.8.54.100,8078
http://sandbox490.com,228.124.187.148,8000
http://rho491.com,58.195.177.103,8954
http://beta492.com,12.61.102.183,8082
http://eta493.com,83.118.232.182,8775
http://mu494.com,255.246.180.83,8841
http://zeta495.com,224.42.251.247,8738
http://dummy496.com,217.201.165.253,8813
http://example497.com,119.184.89.85,8563
http://pi498.com,18.217.225.105,8185
http://upsilon499.com,211.51.147.205,8386
http://chi500.com,33.34.133.139,8394
http://eta501.com,99.206.166.74,8721
http://theta502.com,206.215.83.247,8121
http://omega503.com,22.165.81.237,8211
http://dummy504.com,169.64.248.254,8749
http://trial505.com,193.78.12.142,8256
http://mock506.com,15.201.216.34,8260
http://tau507.com,183.2.137.113,8281
http://gamma508.com,94.182.96.246,8037
http://tau509.com,129.147.136.120,8362
http://dummy510.com,90.180.82.227,8471
http://example511.com,106.17.240.173,8196
http://delta512.com,53.5.228.73,8843
http://nu513.com,137.199.183.210,8024
http://pi514.com,76.139.23.131,8084
http://dummy515.com,209.95.108.79,8516
http://sandbox516.com,42.111.208.224,8853
http://trial517.com,16.47.12.13,8038
http://phi518.com,246.21.99.102,8581
http://dummy519.com,113.164.142.148,8461
http://tau520.com,62.229.13.119,8353
http://fake521.com,227.99.47.165,8309
http://lambda522.com,175.253.13.71,8006
http://alpha523.com,33.215.248.54,8603
http://eta524.com,64.76.230.152,8090
http://mu525.com,9.42.218.167,8630
http://delta526.com,196.73.187.25,8566
http://epsilon527.com,126.107.138.207,8834
http://rho528.com,51.144.91.66,8641
http://lambda529.com,105.80.62.211,8968
http://pi530.com,27.32.156.26,8121
http://epsilon531.com,251.177.81.171,8328
http://sigma532.com,13.53.39.98,8308
http://example533.com,147.202.197.184,8495
http://phi534.com,138.125.66.249,8385
http://psi535.com,104.86.226.74,8580
http://psi536.com,48.226.64.156,8226
http://pi537.com,176.58.251.211,8728
http://pi538.com,201.134.248.95,8701
http://chi539.com,228.154.182.30,8514
http://dummy540.com,219.91.150.247,8499
http://mock541.com,187.205.119.217,8051
http://zeta542.com,61.55.107.144,8146
http://xi543.com,133.173.92.52,8128
http://omega544.com,41.29.68.70,8488
http://upsilon545.com,252.65.237.71,8787
http://alpha546.com,17.219.77.30,8536
http://test547.com,91.97.161.78,8747
http://psi548.com,112.186.35.215,8381
http://psi549.com,73.6.135.103,8333
http://xi550.com,134.121.182.212,8981
http://test551.com,243.157.63.213,8987
http://phi552.com,213.194.252.59,8696
http://eta553.com,36.148.95.120,8347
http://sandbox554.com,150.64.104.233,8148
http://tau555.com,20.64.248.161,8560
http://theta556.com,240.156.238.99,8263
http://mu557.com,238.108.235.218,8237
http://psi558.com,232.15.84.191,8258
http://lambda559.com,133.79.174.233,8655
http://lambda560.com,245.224.82.77,8348
http://tau561.com,71.113.203.24,8234
http://xi562.com,146.33.238.174,8179
http://zeta563.com,41.179.135.75,8416
http://tau564.com,143.129.188.125,8156
http://gamma565.com,87.137.77.51,8366
http://mock566.com,69.235.28.43,8153
http://pi567.com,141.23.205.82,8187
http://mu568.com,206.246.196.55,8550
http://xi569.com,206.195.243.54,8851
http://psi570.com,101.134.50.238,8830
http://chi571.com,250.175.162.175,8836
http://fake572.com,8.215.12.234,8531
http://phi573.com,1.219.124.22,8203
http://dummy574.com,87.199.25.34,8315
http://test575.com,4.239.52.239,8902
http://lambda576.com,66.80.254.148,8951
http://test577.com,231.101.83.159,8607
http://nu578.com,210.103.161.61,8483
http://example579.com,246.26.152.157,8861
http://rho580.com,69.117.223.134,8990
http://theta581.com,126.56.207.115,8167
http://dummy582.com,228.81.102.215,8575
http://test583.com,223.186.142.163,8920
http://sandbox584.com,45.125.94.244,8185
http://tau585.com,49.204.113.192,8039
http://eta586.com,155.159.148.111,8291
http://sandbox587.com,111.202.24.42,8489
http://pi588.com,120.50.237.145,8491
http://omega589.com,114.30.191.207,8218
http://xi590.com,72.5.174.108,8054
http://nu591.com,36.11.20.129,8372
http://chi592.com,171.236.6.12,8006
http://trial593.com,156.51.170.59,8133
http://sandbox594.com,90.33.112.74,8953
http://epsilon595.com,107.32.148.22,8215
http://epsilon596.com,206.211.160.235,8389
http://rho597.com,57.234.85.210,8786
http://xi598.com,114.206.103.55,8677
http://phi599.com,255.27.12.119,8144
http://theta600.com,247.138.29.31,8881
http://trial601.com,243.246.41.178,8653
http://psi602.com,114.164.18.237,8732
http://mu603.com,188.159.58.62,8645
http://example604.com,217.183.204.107,8179
http://mock605.com,197.101.254.116,8019
http://mock606.com,139.69.94.139,8510
http://delta607.com,135.169.216.119,8464
http://example608.com,228.62.174.77,8158
http://omega609.com,131.209.206.105,8258
http://rho610.com,21.53.16.20,8938
http://test611.com,108.70.64.164,8012
http://example612.com,143.147.169.15,8609
http://pi613.com,160.129.22.35,8291
http://trial614.com,194.15.244.125,8334
http://beta615.com,9.3.11.156,8554
http://trial616.com,128.33.157.162,8879
http://example617.com,248.3.73.47,8033
http://delta618.com,53.107.11.167,8080
http://lambda619.com,104.38.157.72,8573
http://gamma620.com,245.228.123.120,8215
http://alpha621.com,127.170.244.245,8363
http://tau622.com,239.89.199.57,8569
http://omicron623.com,216.243.181.104,8500
http://fake624.com,89.54.200.106,8913
http://psi625.com,182.147.85.183,8881
http://zeta626.com,210.96.251.7,8401
http://fake627.com,138.207.168.116,8886
http://zeta628.com,181.48.111.205,8130
http://sigma629.com,11.163.145.39,8252
http://eta630.com,179.10.78.214,8997
http://fake631.com,27.71.230.160,8302
http://mock632.com,126.73.146.209,8085
http://example633.com,61.59.58.240,8074
http://pi634.com,90.42.226.199,8180
http://beta635.com,128.252.139.242,8518
http://alpha636.com,20.212.54.48,8352
http://phi637.com,167.58.146.172,8915
http://test638.com,195.248.67.182,8669
http://epsilon639.com,210.180.99.120,8192
http://alpha640.com,240.9.239.231,8361
http://dummy641.com,230.179.154.56,8033
http://chi642.com,231.51.126.210,8091
http://gamma643.com,26.74.192.155,8921
http://theta644.com,142.197.193.246,8852
http://sigma645.com,160.155.252.193,8256
http://omicron646.com,205.244.51.47,8580
http://sandbox647.com,208.187.149.66,8094
http://sigma648.com,251.110.139.186,8429
http://mock649.com,91.139.67.189,8175
http://upsilon650.com,248.78.25.108,8219
http://sandbox651.com,134.85.180.146,8866
http://lambda652.com,205.116.157.183,8501
http://example653.com,36.121.198.205,8813
http://zeta654.com,29.145.9.65,8422
http://phi655.com,42.158.177.165,8166
http://sandbox656.com,174.70.154.166,8205
http://theta657.com,187.124.49.18,8158
http://lambda658.com,186.163.135.29,8305
http://chi659.com,211.250.124.234,8984
http://omicron660.com,168.129.212.86,8109
http://theta661.com,221.121.49.233,8951
http://delta662.com,246.247.63.142,8870
http://phi663.com,209.58.38.141,8153
http://gamma664.com,109.77.93.143,8022
http://mock665.com,244.4.220.161,8376
http://mu666.com,123.124.151.67,8060
http://trial667.com,239.198.203.46,8346
http://example668.com,69.193.138.203,8474
http://dummy669.com,6.9.36.179,8738
http://sigma670.com,252.118.144.131,8125
http://test671.com,3.83.118.249,8973
http://mock672.com,202.50.158.118,8039
http://zeta673.com,176.157.253.155,8059
http://zeta674.com,136.47.200.74,8391
http://xi675.com,56.44.148.155,8952
http://pi676.com,137.158.231.98,8172
http://example677.com,221.165.198.125,8291
http://omega678.com,185.85.53.56,8549
http://example679.com,61.14.184.175,8047
http://theta680.com,100.111.61.228,8123
http://gamma681.com,217.136.236.213,8438
http://mock682.com,165.169.120.8,8633
http://example683.com,31.115.76.1,8349
http://dummy684.com,202.240.158.101,8831
http://alpha685.com,67.8.40.79,8001
http://nu686.com,91.141.110.31,8909
http://sigma687.com,225.205.243.20,8991
http://mock688.com,0.85.236.155,8149
http://mu689.com,3.156.105.64,8114
http://epsilon690.com,226.168.42.36,8306
http://mock691.com,157.39.74.30,8079
http://chi692.com,78.110.160.177,8500
http://omega693.com,6.70.168.248,8585
http://xi694.com,190.77.21.46,8024
http://rho695.com,242.213.50.240,8081
http://alpha696.com,84.64.37.83,8092
http://psi697.com,254.74.160.78,8452
http://phi698.com,239.206.74.70,8773
http://rho699.com,64.43.173.185,8894
http://eta700.com,232.200.158.237,8171
http://trial701.com,73.76.81.169,8355
http://trial702.com,102.107.41.101,8876
http://chi703.com,147.86.198.5,8355
http://psi704.com,86.37.255.206,8400
http://omega705.com,139.1.17.175,8153
http://beta706.com,114.31.80.98,8055
http://zeta707.com,197.117.12.84,8415
http://sigma708.com,250.196.141.23,8622
http://phi709.com,168.17.165.250,8307
http://trial710.com,27.104.73.210,8629
http://zeta711.com,238.236.1.3,8102
http://lambda712.com,150.38.201.34,8986
http://upsilon713.com,79.50.7.136,8926
http://tau714.com,63.215.207.41,8458
http://sandbox715.com,123.95.189.123,8262
http://phi716.com,203.9.8.240,8589
http://lambda717.com,191.182.108.211,8556
http://mock718.com,69.173.221.85,8456
http://beta719.com,189.125.106.248,8332
http://xi720.com,146.171.78.68,8064
http://beta721.com,42.48.238.242,8637
http://fake722.com,98.236.212.39,8819
http://sandbox723.com,48.21.248.214,8061
http://example724.com,164.200.45.24,8804
http://chi725.com,214.108.74.54,8033
http://example726.com,23.33.202.255,8601
http://example727.com,159.29.22.204,8730
http://example728.com,6.217.219.158,8409
http://dummy729.com,152.235.140.111,8188
http://beta730.com,63.46.235.184,8080
http://alpha731.com,81.187.39.236,8937
http://beta732.com,58.252.29.148,8824
http://mock733.com,208.139.67.201,8697
http://alpha734.com,255.61.244.45,8084
http://upsilon735.com,81.244.160.1,8428
http://psi736.com,243.77.27.205,8465
http://epsilon737.com,114.161.3.33,8414
http://theta738.com,157.117.184.25,8574
http://gamma739.com,64.167.214.149,8608
http://lambda740.com,50.57.131.191,8929
http://trial741.com,19.13.63.248,8217
http://dummy742.com,84.245.146.88,8445
http://nu743.com,242.39.152.132,8442
http://eta744.com,54.36.69.82,8214
http://test745.com,103.129.126.29,8372
http://alpha746.com,133.246.176.173,8072
http://example747.com,237.156.63.230,8617
http://omicron748.com,75.157.91.235,8324
http://gamma749.com,19.9.197.243,8744
http://upsilon750.com,75.179.71.110,8650
http://chi751.com,31.79.229.207,8061
http://zeta752.com,225.138.112.233,8409
http://eta753.com,124.117.212.82,8398
http://trial754.com,117.188.46.64,8534
http://sigma755.com,243.45.123.83,8630
http://fake756.com,88.208.110.10,8189
http://sandbox757.com,203.159.135.82,8087
http://epsilon758.com,172.252.176.9,8348
http://zeta759.com,129.236.230.190,8559
http://rho760.com,103.159.151.145,8630
http://xi761.com,3.194.188.23,8445
http://sigma762.com,55.203.77.196,8725
http://delta763.com,15.113.119.35,8337
http://delta764.com,157.110.244.165,8893
http://xi765.com,106.47.152.74,8087
http://epsilon766.com,195.243.182.135,8130
http://gamma767.com,216.45.166.31,8061
http://gamma768.com,55.78.169.179,8733
http://theta769.com,247.77.252.234,8895
http://chi770.com,245.124.184.71,8826
http://tau771.com,9.216.45.107,8750
http://beta772.com,127.23.68.170,8829
http://omega773.com,173.78.38.171,8056
http://omega774.com,74.147.11.36,8099
http://eta775.com,45.135.148.90,8214
http://example776.com,30.32.1.64,8805
http://tau777.com,43.198.134.121,8473
http://omega778.com,141.203.177.193,8208
http://theta779.com,238.244.48.113,8085
http://beta780.com,221.114.95.91,8536
http://eta781.com,227.28.65.97,8811
http://test782.com,49.47.146.178,8463
http://eta783.com,47.78.196.156,8902
http://nu784.com,167.24.212.119,8131
http://theta785.com,165.182.236.190,8906
http://xi786.com,213.3.146.57,8639
http://nu787.com,216.89.42.16,8564
http://fake788.com,168.90.130.234,8261
http://test789.com,11.142.55.225,8429
http://mock790.com,252.160.249.226,8249
http://example791.com,60.151.199.102,8180
http://sigma792.com,181.109.46.35,8119
http://chi793.com,65.150.82.105,8786
http://lambda794.com,233.220.72.81,8999
http://mu795.com,170.117.225.83,8657
http://eta796.com,222.94.25.110,8764
http://dummy797.com,162.213.152.34,8673
http://nu798.com,127.140.188.11,8301
http://rho799.com,23.244.4.124,8475
http://dummy800.com,53.225.163.196,8769
http://eta801.com,64.205.173.26,8002
http://tau802.com,84.171.58.238,8208
http://alpha803.com,97.190.154.4,8621
http://alpha804.com,196.55.119.95,8158
http://gamma805.com,79.82.74.5,8428
http://example806.com,238.30.36.127,8255
http://beta807.com,137.220.144.188,8494
http://alpha808.com,160.22.106.242,8200
http://example809.com,253.128.131.188,8444
http://eta810.com,228.90.87.14,8543
http://mu811.com,227.199.93.109,8952
http://tau812.com,155.170.125.96,8535
http://lambda813.com,18.42.245.5,8758
http://upsilon814.com,184.255.16.123,8957
http://xi815.com,132.239.67.77,8630
http://eta816.com,28.27.238.204,8758
http://sandbox817.com,134.46.91.188,8320
http://nu818.com,162.138.230.244,8537
http://sigma819.com,107.104.191.51,8672
http://omicron820.com,27.200.208.85,8408
http://omega821.com,244.3.208.69,8331
http://pi822.com,142.82.51.60,8329
http://sigma823.com,157.52.14.216,8139
http://lambda824.com,76.220.102.169,8299
http://upsilon825.com,113.0.140.200,8344
http://test826.com,239.133.255.229,8778
http://pi827.com,103.72.250.82,8195
http://epsilon828.com,49.27.211.255,8209
http://chi829.com,5.203.102.128,8032
http://trial830.com,81.120.179.201,8067
http://sigma831.com,187.167.234.32,8966
http://gamma832.com,1.78.82.72,8889
http://mock833.com,22.216.129.197,8279
http://trial834.com,151.37.250.161,8639
http://beta835.com,198.107.61.223,8765
http://pi836.com,237.191.171.29,8847
http://upsilon837.com,254.68.248.105,8297
http://xi838.com,167.175.24.22,8134
http://pi839.com,46.138.47.206,8395
http://xi840.com,210.142.197.186,8740
http://chi841.com,7.172.137.36,8427
http://eta842.com,46.40.212.39,8280
http://psi843.com,206.227.137.145,8543
http://mock844.com,156.192.14.101,8986
http://omega845.com,7.253.246.184,8706
http://epsilon846.com,192.94.203.157,8407
http://sandbox847.com,45.14.123.51,8730
http://tau848.com,129.159.55.62,8788
http://epsilon849.com,255.163.211.83,8358
http://xi850.com,161.250.62.184,8412
http://pi851.com,235.21.40.227,8515
http://dummy852.com,92.17.211.110,8456
http://tau853.com,27.96.55.179,8545
http://rho854.com,26.226.98.159,8665
http://rho855.com,104.172.176.24,8358
http://zeta856.com,230.142.159.169,8781
http://rho857.com,154.48.90.176,8641
http://sigma858.com,231.172.191.225,8201
http://gamma859.com,14.92.237.124,8010
http://psi860.com,18.234.3.49,8376
http://fake861.com,120.214.46.179,8717
http://epsilon862.com,90.12.124.164,8012
http://mu863.com,80.236.204.176,8452
http://dummy864.com,149.99.4.57,8349
http://xi865.com,126.237.244.46,8281
http://example866.com,162.196.52.106,8883
http://test867.com,196.209.175.148,8571
http://omega868.com,151.5.85.42,8893
http://delta869.com,101.111.196.105,8836
http://test870.com,250.166.74.60,8180
http://rho871.com,120.149.115.123,8585
http://dummy872.com,244.173.187.141,8006
http://upsilon873.com,86.242.106.166,8139
http://mu874.com,72.110.178.158,8692
http://lambda875.com,231.250.50.211,8858
http://epsilon876.com,154.27.19.184,8007
http://upsilon877.com,198.214.250.252,8300
http://eta878.com,215.36.30.125,8755
http://dummy879.com,58.95.78.160,8031
http://gamma880.com,81.96.43.1,8337
http://sandbox881.com,28.72.233.235,8081
http://pi882.com,232.45.113.44,8479
http://eta883.com,27.240.142.84,8528
http://fake884.com,64.182.111.41,8991
http://sandbox885.com,81.105.138.96,8708
http://epsilon886.com,102.46.241.13,8107
http://psi887.com,238.255.96.223,8892
http://omega888.com,173.34.18.26,8536
http://epsilon889.com,6.51.123.125,8960
http://psi890.com,159.62.199.104,8797
http://epsilon891.com,75.147.227.236,8733
http://upsilon892.com,165.77.163.248,8722
http://rho893.com,137.184.40.27,8463
http://tau894.com,131.66.206.228,8537
http://omicron895.com,48.234.89.41,8381
http://phi896.com,50.53.3.210,8594
http://theta897.com,74.212.61.188,8733
http://mock898.com,225.153.254.226,8243
http://theta899.com,47.41.54.236,8429
http://upsilon900.com,124.160.114.215,8872
http://epsilon901.com,55.157.95.110,8159
http://dummy902.com,122.39.177.21,8501
http://sigma903.com,105.199.139.87,8954
http://trial904.com,142.184.31.61,8258
http://theta905.com,62.16.54.223,8793
http://epsilon906.com,202.104.213.15,8862
http://beta907.com,83.174.174.228,8807
http://mu908.com,144.116.52.21,8062
http://trial909.com,81.6.99.67,8699
http://sigma910.com,175.63.137.6,8954
http://delta911.com,216.106.230.122,8135
http://beta912.com,130.177.246.250,8431
http://gamma913.com,232.91.235.168,8682
http://xi914.com,68.175.80.94,8798
http://example915.com,38.142.69.20,8345
http://delta916.com,142.46.73.34,8237
http://zeta917.com,226.161.182.120,8539
http://epsilon918.com,139.116.4.49,8941
http://example919.com,162.146.77.189,8388
http://lambda920.com,163.28.65.114,8029
http://rho921.com,11.89.194.95,8505
http://omega922.com,187.240.225.55,8446
http://alpha923.com,217.242.240.127,8346
http://mock924.com,117.242.218.76,8013
http://delta925.com,247.12.244.129,8922
http://gamma926.com,41.146.102.247,8253
http://omega927.com,131.254.241.48,8946
http://dummy928.com,184.182.202.211,8670
http://delta929.com,202.213.194.205,8863
http://chi930.com,170.140.105.101,8387
http://trial931.com,66.219.185.253,8758
http://phi932.com,211.35.188.211,8928
http://eta933.com,16.191.79.217,8219
http://epsilon934.com,13.37.36.192,8856
http://omega935.com,16.224.55.112,8513
http://alpha936.com,68.248.254.214,8299
http://beta937.com,142.223.244.210,8889
http://nu938.com,106.179.65.114,8244
http://example939.com,37.236.1.207,8714
http://alpha940.com,34.175.67.239,8023
http://pi941.com,115.17.164.55,8723
http://chi942.com,204.235.27.178,8687
http://phi943.com,252.250.201.108,8102
http://sigma944.com,36.109.242.112,8508
http://omega945.com,41.153.94.146,8959
http://sandbox946.com,11.73.32.96,8615
http://nu947.com,138.114.21.85,8408
http://delta948.com,226.98.217.108,8764
http://dummy949.com,97.185.142.6,8022
http://upsilon950.com,110.112.133.36,8438
http://xi951.com,227.159.145.16,8796
http://beta952.com,222.208.230.144,8318
http://mu953.com,111.140.14.230,8291
http://dummy954.com,63.169.106.134,8774
http://nu955.com,128.135.229.206,8594
http://test956.com,234.40.170.123,8513
http://trial957.com,184.114.169.150,8775
http://xi958.com,44.14.109.140,8470
http://omicron959.com,235.102.11.189,8312
http://alpha960.com,98.226.164.122,8846
http://xi961.com,40.126.216.17,8703
http://lambda962.com,64.208.70.146,8700
http://sandbox963.com,165.128.126.98,8101
http://example964.com,169.67.199.20,8506
http://trial965.com,213.17.202.31,8647
http://eta966.com,42.60.61.122,8050
http://omega967.com,127.98.25.204,8902
http://lambda968.com,52.116.170.44,8867
http://beta969.com,76.118.129.158,8089
http://chi970.com,209.79.178.31,8933
http://rho971.com,161.154.110.247,8575
http://pi972.com,38.149.162.247,8721
http://dummy973.com,81.139.32.46,8244
http://sandbox974.com,183.237.63.100,8642
http://lambda975.com,100.138.186.52,8886
http://xi976.com,63.187.87.77,8528
http://nu977.com,135.1.34.35,8053
http://nu978.com,132.148.228.107,8012
http://eta979.com,46.131.145.209,8523
http://lambda980.com,27.63.179.145,8132
http://mock981.com,44.131.49.49,8770
http://zeta982.com,193.27.153.213,8805
http://beta983.com,162.136.76.211,8808
http://xi984.com,95.108.244.142,8816
http://omicron985.com,30.172.71.96,8044
http://tau986.com,111.46.19.40,8988
http://omega987.com,77.171.151.55,8400
http://theta988.com,217.206.213.96,8366
http://upsilon989.com,142.248.232.21,8664
http://theta990.com,234.76.3.58,8633
http://beta991.com,49.169.85.151,8068
http://mu992.com,119.2.70.36,8296
http://omega993.com,38.234.166.230,8824
http://delta994.com,139.241.121.15,8515
http://nu995.com,174.206.203.190,8899
http://omega996.com,191.33.19.127,8259
http://delta997.com,128.35.238.243,8877
http://dummy998.com,103.151.138.119,8605
http://phi999.com,29.115.64.114,8428
http://epsilon1000.com,135.171.17.175,8424
